{"reward/d_cube_goal":0.1289736732125115,"train/ent_coef_loss":-9.027983665466309,"_timestamp":1.7760830949964528e+09,"reward/success":0,"_wandb":{"runtime":131},"rollout/ep_reward_mean":-55.268730000000005,"train/critic_loss":0.06835262477397919,"rollout/ep_reward_min":-70.504029,"train/ent_coef":0.4068736732006073,"reward/d_grip_cube":0.1842024927396831,"rollout/ep_reward_max":-42.615966,"rollout/success_rate":0,"rollout/final_reach_dist":0.21808350400686538,"rollout/ep_len_mean":250,"train/learning_rate":0.0003,"rollout/final_place_dist":0.1248412047430177,"_runtime":131.6874847,"train/actor_loss":-30.174354553222656,"_step":8000}