{"train/actor_loss":-8.692084312438965,"reward/success":0,"reward/lift":0,"rollout/ep_len_mean":250,"rollout/ep_reward_min":-82.269189,"reward/reach":0,"_step":26,"train/ent_coef":0.002510972088202834,"rollout/success_rate":0,"train/ent_coef_loss":-4.058705806732178,"_timestamp":1.776082338566729e+09,"_wandb":{"runtime":819},"reward/place":0,"reward/grasp":0,"rollout/ep_reward_mean":-63.91485424999999,"rollout/ep_reward_max":-47.637996,"_runtime":819,"timestep":27000,"train/learning_rate":0.0003,"train/critic_loss":0.0077033499255776405}